{"pages":["GeneralSans-Variable1.png"],"chars":[{"id":67,"index":15,"char":"C","width":35,"height":35,"xoffset":-1,"yoffset":13,"xadvance":33,"chnl":15,"x":0,"y":0,"page":0},{"id":65,"index":3,"char":"A","width":35,"height":34,"xoffset":-2,"yoffset":14,"xadvance":31,"chnl":15,"x":36,"y":0,"page":0},{"id":73,"index":37,"char":"I","width":12,"height":34,"xoffset":1,"yoffset":14,"xadvance":14,"chnl":15,"x":72,"y":0,"page":0},{"id":82,"index":72,"char":"R","width":30,"height":34,"xoffset":1,"yoffset":14,"xadvance":30,"chnl":15,"x":85,"y":0,"page":0},{"id":57,"index":234,"char":"9","width":27,"height":33,"xoffset":-1,"yoffset":15,"xadvance":25,"chnl":15,"x":116,"y":0,"page":0}],"info":{"face":"GeneralSans-Variable1","size":42,"bold":0,"italic":0,"charset":["C","I","R","A","9"],"unicode":1,"stretchH":100,"smooth":1,"aa":1,"padding":[2,2,2,2],"spacing":[0,0]},"common":{"lineHeight":57,"base":44,"scaleW":256,"scaleH":256,"pages":1,"packed":0,"alphaChnl":0,"redChnl":0,"greenChnl":0,"blueChnl":0},"distanceField":{"fieldType":"msdf","distanceRange":4},"kernings":[{"first":67,"second":65,"amount":-2},{"first":65,"second":67,"amount":-2},{"first":57,"second":57,"amount":0}]}